{
  "contracts": {
    "NFTStorefront": "./contracts/NFTStorefront.cdc",
    "NFTStorefrontV2": "./contracts/NFTStorefrontV2.cdc",
    "DaddyNFT": "./contracts/utility/DaddyNFT.cdc",
    "FungibleToken": {
      "source": "./contracts/utility/FungibleToken.cdc",
      "aliases": {
        "testnet": "0x9a0766d93b6608b7",
        "mainnet": "0xf233dcee88fe0abe"
      }
    },
    "NonFungibleToken": {
      "source": "./contracts/utility/NonFungibleToken.cdc",
      "aliases": {
        "testnet": "0x631e88ae7f1d7c20",
        "mainnet": "0x1d7e57aa55817448"
      }
    },
    "MetadataViews": {
      "source": "./contracts/utility/MetadataViews.cdc",
      "aliases": {
        "testnet": "0x631e88ae7f1d7c20",
        "mainnet": "0x1d7e57aa55817448"
      }
    },
    "FlowToken": {
      "source": "./contracts/utility/FlowToken.cdc",
      "aliases": {
        "testnet": "0x7e60df042a9c0868",
        "mainnet": "0x1654653399040a61"
      }
    }
  },
  "networks": {
    "mainnet": "access.mainnet.nodes.onflow.org:9000",
    "testnet": "access.devnet.nodes.onflow.org:9000"
  },
  "accounts": {
    "admin-account-testnet": {
      "address": "0x2128a710cdf03284",
      "key": "-------------------"
    },
    "admin-account-mainnet": {
      "address": "0x3cbd2ff7c027b9cf",
      "key": {
        "type": "hex",
        "index": 0,
        "signatureAlgorithm": "ECDSA_secp256k1",
        "hashAlgorithm": "SHA2_256",
        "privateKey": "------------"
      }
    }
  },
  "deployments": {
    "testnet": {
      "admin-account-testnet": [
        "NFTStorefront",
        "NFTStorefrontV2",
        "DaddyNFT"
      ]
    },
    "mainnet": {
      "admin-account-mainnet": [
        "NFTStorefront",
        "NFTStorefrontV2",
        "DaddyNFT"
      ]
    }
  }
}